<!--

    Copyright (c) 2002-2013 "Neo Technology,"
    Network Engine for Objects in Lund AB [http://neotechnology.com]

    This file is part of Neo4j.

    Neo4j is free software: you can redistribute it and/or modify
    it under the terms of the GNU Affero General Public License as
    published by the Free Software Foundation, either version 3 of the
    License, or (at your option) any later version.

    This program is distributed in the hope that it will be useful,
    but WITHOUT ANY WARRANTY; without even the implied warranty of
    MERCHANTABILITY or FITNESS FOR A PARTICULAR PURPOSE.  See the
    GNU Affero General Public License for more details.

    You should have received a copy of the GNU Affero General Public License
    along with this program. If not, see <http://www.gnu.org/licenses/>.

-->
<included>
  <logger name="org.neo4j.kernel.info.DiagnosticsManager" level="info">
  </logger>

  <appender name="CONSOLE" class="ch.qos.logback.core.ConsoleAppender">
    <filter class="org.neo4j.kernel.logging.ConsoleLoggingFilter" />
    <encoder>
      <pattern>%date{yyyy-MM-dd HH:mm:ss.SSSZ,UTC} %message%n</pattern>
    </encoder>
  </appender>

  <logger name="org.neo4j">
    <appender-ref ref="CONSOLE"/>
  </logger>

</included>
